px_robot[mm],py_robot[mm],pz_robot[mm],prx_robot[deg],pry_robot[deg],prz_robot[deg],fx_robot[N],fy_robot[N],fz_robot[N],mx_robot[Nm],my_robot[Nm],mz_robot[Nm],px_obj[mm],py_obj[mm],pz_obj[mm],prx_obj[deg],pry_obj[deg],prz_obj[deg]
400.815,85.946,-177.93,-135.061,-60.862,-52.942,2.804,-3.141,0.168,-0.038,-0.066,-0.102,608.423,71.297,-231.979,-1.007,20.161,-4.138
400.0,85.961,-175.521,-135.929,-60.756,-52.154,3.127,-2.977,-0.102,-0.033,-0.049,-0.082,607.233,71.254,-230.975,-1.223,20.548,-4.183
400.946,85.772,-177.714,-135.133,-60.854,-52.878,3.157,-2.833,-0.021,-0.034,-0.06,-0.087,608.523,71.112,-231.879,-1.025,20.193,-4.143
400.273,85.735,-175.695,-135.864,-60.767,-52.219,3.034,-3.071,-0.034,-0.036,-0.053,-0.09,607.535,71.009,-231.037,-1.208,20.518,-4.186
401.085,85.58,-177.56,-135.187,-60.849,-52.833,3.252,-3.369,-0.225,-0.04,-0.056,-0.104,608.638,70.898,-231.808,-1.04,20.216,-4.151
400.521,85.554,-175.818,-135.811,-60.774,-52.268,3.697,-2.64,-0.274,-0.028,-0.052,-0.069,607.806,70.83,-231.073,-1.195,20.493,-4.184
401.228,85.387,-177.428,-135.224,-60.846,-52.805,2.908,-3.125,-0.11,-0.036,-0.055,-0.093,608.767,70.685,-231.73,-1.05,20.231,-4.158
400.746,85.354,-175.897,-135.768,-60.78,-52.313,3.779,-2.854,-0.183,-0.031,-0.056,-0.079,608.049,70.609,-231.079,-1.185,20.474,-4.188
401.358,85.222,-177.349,-135.256,-60.841,-52.777,2.7,-3.535,-0.024,-0.042,-0.059,-0.11,608.881,70.515,-231.708,-1.057,20.247,-4.16
400.939,85.205,-176.037,-135.743,-60.783,-52.336,3.486,-2.944,-0.161,-0.033,-0.053,-0.081,608.252,70.46,-231.181,-1.179,20.463,-4.187
401.486,85.103,-177.608,-135.334,-60.819,-52.712,3.372,-2.991,-0.095,-0.034,-0.065,-0.088,608.967,70.379,-232.122,-1.067,20.29,-4.167
401.11,85.134,-176.866,-135.824,-60.748,-52.266,3.433,-3.119,-0.102,-0.034,-0.056,-0.091,608.372,70.39,-232.202,-1.179,20.516,-4.188
401.725,85.056,-178.565,-135.448,-60.786,-52.612,3.52,-2.622,-0.181,-0.029,-0.065,-0.074,609.144,70.325,-233.311,-1.079,20.353,-4.171
401.489,85.064,-178.104,-135.923,-60.709,-52.187,3.971,-3.161,-0.006,-0.038,-0.066,-0.094,608.689,70.297,-233.664,-1.183,20.578,-4.196
402.157,85.092,-179.848,-135.614,-60.722,-52.457,3.369,-3.018,-0.02,-0.033,-0.066,-0.087,609.481,70.4,-234.968,-1.086,20.457,-4.163
402.055,85.273,-179.537,-136.054,-60.638,-52.041,3.528,-2.86,-0.125,-0.031,-0.056,-0.081,609.172,70.636,-235.443,-1.172,20.673,-4.161
402.678,85.362,-181.262,-135.781,-60.632,-52.277,3.316,-2.919,-0.028,-0.034,-0.068,-0.081,609.894,70.815,-236.821,-1.072,20.578,-4.124
402.564,85.527,-181.107,-136.191,-60.541,-51.896,3.458,-3.129,-0.072,-0.037,-0.06,-0.092,609.577,71.016,-237.428,-1.144,20.788,-4.126
403.228,85.637,-182.842,-135.946,-60.53,-52.104,3.639,-3.22,-0.18,-0.035,-0.064,-0.095,610.328,71.228,-238.867,-1.049,20.706,-4.086
403.213,85.792,-182.738,-136.328,-60.448,-51.745,3.443,-2.611,-0.249,-0.028,-0.051,-0.073,610.124,71.427,-239.468,-1.119,20.901,-4.085
403.81,85.83,-184.21,-136.097,-60.449,-51.953,3.103,-3.017,0.173,-0.037,-0.076,-0.091,610.81,71.51,-240.629,-1.038,20.815,-4.063
403.844,85.936,-184.171,-136.459,-60.372,-51.619,4.318,-2.748,-0.214,-0.031,-0.069,-0.08,610.662,71.632,-241.259,-1.106,21.0,-4.068
404.522,85.97,-185.755,-136.264,-60.361,-51.789,3.852,-2.881,-0.201,-0.032,-0.071,-0.078,611.408,71.736,-242.609,-1.027,20.935,-4.04
404.67,86.039,-185.923,-136.634,-60.279,-51.451,4.073,-3.141,-0.21,-0.037,-0.07,-0.089,611.366,71.812,-243.466,-1.095,21.126,-4.048
405.38,86.049,-187.503,-136.479,-60.274,-51.588,3.479,-3.261,0.195,-0.042,-0.084,-0.101,612.132,71.865,-244.856,-1.036,21.073,-4.03
405.58,86.159,-187.64,-136.826,-60.206,-51.256,3.891,-2.764,-0.29,-0.035,-0.065,-0.085,612.163,72.034,-245.616,-1.107,21.245,-4.024
406.308,86.169,-189.111,-136.673,-60.201,-51.391,3.279,-2.923,-0.06,-0.036,-0.074,-0.086,612.946,72.086,-246.899,-1.048,21.193,-4.005
406.538,86.249,-189.249,-136.993,-60.134,-51.094,3.604,-2.984,-0.198,-0.037,-0.062,-0.092,613.013,72.188,-247.622,-1.111,21.355,-4.008
407.272,86.297,-190.637,-136.84,-60.124,-51.223,2.668,-3.129,0.117,-0.038,-0.071,-0.093,613.802,72.31,-248.832,-1.047,21.306,-3.981
407.53,86.381,-190.753,-137.139,-60.06,-50.945,4.161,-2.795,-0.364,-0.035,-0.06,-0.083,613.905,72.414,-249.501,-1.106,21.459,-3.984
408.248,86.423,-192.068,-136.993,-60.049,-51.068,3.56,-2.932,0.018,-0.037,-0.082,-0.087,614.675,72.525,-250.65,-1.044,21.413,-3.958
408.541,86.513,-192.21,-137.275,-59.986,-50.804,3.843,-3.007,-0.19,-0.037,-0.065,-0.091,614.819,72.645,-251.322,-1.098,21.56,-3.958
409.315,86.559,-193.506,-137.144,-59.974,-50.915,3.193,-3.276,0.071,-0.041,-0.083,-0.098,615.639,72.752,-252.471,-1.04,21.519,-3.934
409.651,86.637,-193.675,-137.417,-59.915,-50.661,3.463,-2.612,-0.109,-0.032,-0.063,-0.078,615.83,72.85,-253.148,-1.094,21.66,-3.937
410.373,86.653,-194.891,-137.293,-59.905,-50.772,4.275,-3.032,-0.06,-0.039,-0.091,-0.088,616.596,72.904,-254.224,-1.041,21.621,-3.92
410.692,86.726,-195.059,-137.548,-59.846,-50.533,3.511,-3.2,-0.123,-0.04,-0.071,-0.097,616.776,73.003,-254.875,-1.089,21.755,-3.92
411.399,86.717,-196.255,-137.439,-59.834,-50.635,3.919,-2.805,-0.124,-0.035,-0.085,-0.082,617.518,73.015,-255.955,-1.039,21.723,-3.909
411.741,86.775,-196.462,-137.688,-59.775,-50.404,3.463,-3.501,-0.147,-0.045,-0.064,-0.111,617.724,73.092,-256.637,-1.086,21.855,-3.911
412.462,86.811,-197.63,-137.577,-59.761,-50.496,3.718,-2.984,-0.242,-0.038,-0.084,-0.087,618.481,73.19,-257.696,-1.033,21.824,-3.888
412.817,86.847,-197.86,-137.82,-59.705,-50.277,3.783,-2.904,-0.441,-0.037,-0.051,-0.089,618.701,73.223,-258.383,-1.08,21.951,-3.896
413.535,86.884,-199.004,-137.716,-59.689,-50.361,3.955,-3.312,0.013,-0.044,-0.105,-0.1,619.453,73.331,-259.429,-1.029,21.924,-3.87
413.918,86.936,-199.234,-137.942,-59.636,-50.152,3.915,-3.008,-0.125,-0.062,-0.065,-0.129,619.71,73.4,-260.089,-1.072,22.044,-3.873
414.681,86.942,-200.296,-137.84,-59.628,-50.244,4.619,-4.186,2.011,-0.161,-0.628,-0.285,620.509,73.43,-261.036,-1.028,22.012,-3.861
415.173,86.999,-200.44,-138.036,-59.587,-50.06,4.999,-5.874,6.16,-0.327,-1.604,-0.545,620.896,73.509,-261.539,-1.07,22.111,-3.861
416.042,86.982,-201.344,-137.917,-59.595,-50.172,4.882,-7.594,9.441,-0.46,-2.358,-0.741,621.817,73.494,-262.268,-1.031,22.063,-3.855
416.656,87.001,-201.289,-138.052,-59.585,-50.05,5.141,-7.724,9.787,-0.496,-2.545,-0.809,622.37,73.495,-262.414,-1.074,22.119,-3.866
417.585,86.971,-201.906,-137.837,-59.641,-50.246,4.51,-7.75,8.343,-0.521,-2.064,-0.875,623.423,73.453,-262.611,-1.037,22.002,-3.863
418.169,86.886,-201.665,-137.88,-59.676,-50.214,3.763,-5.923,4.318,-0.423,-1.053,-0.718,624.011,73.307,-262.34,-1.08,21.993,-3.884
419.028,86.706,-202.139,-137.631,-59.753,-50.455,3.627,-5.035,0.503,-0.297,-0.143,-0.502,625.019,73.052,-262.294,-1.048,21.849,-3.899
419.6,86.604,-201.969,-137.704,-59.774,-50.398,2.756,-4.386,0.208,-0.242,-0.051,-0.413,625.573,72.891,-262.168,-1.091,21.861,-3.92
420.424,86.525,-202.676,-137.565,-59.799,-50.524,3.433,-3.791,-0.042,-0.205,-0.069,-0.354,626.469,72.813,-262.631,-1.058,21.794,-3.915
420.952,86.496,-202.697,-137.711,-59.783,-50.399,2.913,-4.768,0.458,-0.243,-0.115,-0.419,626.927,72.747,-262.883,-1.101,21.858,-3.931
421.753,86.461,-203.371,-137.586,-59.801,-50.512,2.973,-4.723,0.587,-0.279,-0.091,-0.467,627.789,72.72,-263.348,-1.068,21.8,-3.924
422.312,86.43,-203.369,-137.722,-59.787,-50.392,2.837,-5.411,0.379,-0.303,-0.062,-0.512,628.285,72.665,-263.559,-1.108,21.859,-3.936
423.17,86.335,-203.974,-137.599,-59.813,-50.511,3.558,-4.277,0.19,-0.214,-0.077,-0.379,629.206,72.542,-263.94,-1.082,21.797,-3.94
423.81,86.267,-203.872,-137.735,-59.796,-50.388,2.578,-4.359,0.347,-0.205,-0.091,-0.369,629.781,72.464,-264.059,-1.119,21.858,-3.948
424.667,86.167,-204.466,-137.675,-59.794,-50.45,3.705,-3.783,-0.177,-0.179,-0.074,-0.32,630.659,72.35,-264.579,-1.095,21.837,-3.949
425.271,86.125,-204.418,-137.805,-59.774,-50.331,3.659,-4.558,-0.156,-0.174,-0.059,-0.321,631.199,72.303,-264.749,-1.129,21.898,-3.955
426.12,86.065,-204.998,-137.701,-59.787,-50.424,3.331,-3.893,0.127,-0.172,-0.082,-0.31,632.097,72.256,-265.16,-1.1,21.851,-3.947
426.763,86.014,-204.986,-137.815,-59.776,-50.324,3.677,-3.832,-0.32,-0.157,-0.069,-0.29,632.687,72.179,-265.325,-1.134,21.9,-3.959
427.624,85.963,-205.574,-137.717,-59.787,-50.412,3.209,-3.854,0.133,-0.164,-0.081,-0.308,633.595,72.142,-265.757,-1.106,21.857,-3.951
428.264,85.946,-205.588,-137.831,-59.774,-50.309,3.557,-4.303,0.038,-0.206,-0.076,-0.365,634.18,72.112,-265.955,-1.138,21.908,-3.959
429.103,85.91,-206.177,-137.743,-59.783,-50.389,3.731,-4.418,0.178,-0.243,-0.094,-0.422,635.061,72.087,-266.406,-1.112,21.87,-3.953
429.724,85.875,-206.21,-137.86,-59.769,-50.289,3.532,-5.062,0.366,-0.275,-0.088,-0.491,635.624,72.018,-266.627,-1.145,21.922,-3.967
430.559,85.825,-206.785,-137.779,-59.778,-50.365,3.091,-4.672,0.474,-0.267,-0.085,-0.466,636.497,71.968,-267.074,-1.121,21.886,-3.964
431.208,85.782,-206.819,-137.889,-59.766,-50.27,2.854,-5.393,0.619,-0.285,-0.086,-0.513,637.092,71.897,-267.283,-1.154,21.935,-3.976
432.039,85.72,-207.376,-137.815,-59.777,-50.345,3.109,-4.752,0.719,-0.277,-0.121,-0.487,637.958,71.812,-267.716,-1.134,21.9,-3.979
432.673,85.697,-207.412,-137.921,-59.764,-50.248,1.771,-6.062,1.159,-0.326,-0.171,-0.577,638.542,71.783,-267.92,-1.164,21.947,-3.985
433.475,85.626,-207.943,-137.852,-59.776,-50.319,2.027,-4.242,0.963,-0.269,-0.206,-0.47,639.377,71.685,-268.333,-1.147,21.914,-3.99
434.092,85.595,-207.973,-137.95,-59.764,-50.231,2.977,-4.561,0.841,-0.263,-0.255,-0.472,639.947,71.641,-268.519,-1.175,21.958,-3.998
434.871,85.554,-208.464,-137.872,-59.776,-50.306,3.876,-2.762,0.609,-0.24,-0.235,-0.413,640.763,71.589,-268.88,-1.155,21.922,-3.998
435.499,85.567,-208.47,-137.963,-59.768,-50.229,3.789,-5.324,1.109,-0.281,-0.199,-0.511,641.348,71.574,-269.025,-1.183,21.96,-4.009
436.332,85.597,-208.922,-137.879,-59.778,-50.301,1.901,-5.44,0.415,-0.366,-0.054,-0.617,642.223,71.625,-269.341,-1.159,21.922,-4.0
436.969,85.595,-208.916,-137.965,-59.771,-50.228,3.117,-5.904,0.521,-0.396,-0.059,-0.685,642.821,71.593,-269.465,-1.186,21.958,-4.012
437.727,85.564,-209.361,-137.896,-59.782,-50.296,2.173,-6.728,0.87,-0.424,-0.058,-0.719,643.612,71.547,-269.792,-1.169,21.926,-4.014
438.343,85.548,-209.395,-137.991,-59.773,-50.215,3.374,-5.842,0.294,-0.405,-0.057,-0.699,644.183,71.503,-269.974,-1.197,21.967,-4.025
439.107,85.49,-209.852,-137.937,-59.783,-50.273,2.424,-6.831,0.752,-0.426,-0.069,-0.733,644.972,71.414,-270.336,-1.185,21.94,-4.032
439.693,85.451,-209.863,-138.025,-59.777,-50.202,2.199,-4.517,1.622,-0.37,-0.326,-0.622,645.517,71.333,-270.476,-1.214,21.976,-4.047
440.468,85.395,-210.278,-137.966,-59.792,-50.267,2.276,-5.23,4.493,-0.334,-0.878,-0.569,646.323,71.233,-270.776,-1.203,21.944,-4.058
441.078,85.403,-210.262,-138.038,-59.792,-50.204,1.184,-7.88,7.755,-0.409,-1.371,-0.718,646.904,71.221,-270.855,-1.23,21.971,-4.067
441.809,85.377,-210.565,-137.952,-59.817,-50.286,-0.582,-7.189,8.846,-0.426,-1.588,-0.741,647.684,71.174,-270.984,-1.217,21.922,-4.07
442.358,85.327,-210.433,-137.995,-59.83,-50.253,-0.643,-6.548,8.561,-0.405,-1.557,-0.699,648.224,71.085,-270.875,-1.243,21.929,-4.084
442.988,85.279,-210.627,-137.885,-59.862,-50.351,-0.25,-5.998,7.596,-0.375,-1.404,-0.652,648.92,71.039,-270.846,-1.227,21.867,-4.081
443.508,85.241,-210.372,-137.855,-59.898,-50.381,0.921,-5.647,4.257,-0.333,-0.818,-0.593,649.475,70.964,-270.461,-1.244,21.831,-4.092
444.162,85.194,-210.525,-137.72,-59.943,-50.512,1.469,-4.87,1.579,-0.294,-0.251,-0.508,650.211,70.878,-270.325,-1.229,21.75,-4.099
444.714,85.191,-210.41,-137.742,-59.958,-50.493,3.022,-5.926,0.782,-0.306,-0.104,-0.539,650.763,70.857,-270.202,-1.249,21.748,-4.106
445.376,85.186,-210.693,-137.659,-59.977,-50.564,2.782,-4.897,1.089,-0.328,-0.182,-0.567,651.472,70.866,-270.33,-1.233,21.705,-4.1
445.986,85.158,-210.681,-137.702,-59.982,-50.53,0.383,-5.711,2.744,-0.368,-0.417,-0.631,652.066,70.806,-270.363,-1.252,21.717,-4.111
446.707,85.117,-211.033,-137.651,-59.992,-50.584,0.873,-5.225,4.272,-0.325,-0.802,-0.567,652.812,70.74,-270.622,-1.241,21.692,-4.116
447.287,85.113,-211.079,-137.73,-59.981,-50.51,1.507,-5.402,7.071,-0.359,-1.43,-0.616,653.354,70.739,-270.799,-1.262,21.728,-4.118
447.984,85.081,-211.35,-137.66,-60.0,-50.577,1.056,-7.29,8.925,-0.398,-1.769,-0.678,654.09,70.691,-270.932,-1.251,21.69,-4.121
448.526,85.056,-211.287,-137.695,-60.009,-50.547,0.684,-7.715,9.103,-0.41,-1.832,-0.707,654.624,70.645,-270.892,-1.271,21.696,-4.129
449.196,84.981,-211.465,-137.597,-60.044,-50.637,1.272,-7.431,8.754,-0.386,-1.754,-0.654,655.355,70.558,-270.855,-1.262,21.637,-4.13
449.829,84.859,-211.263,-137.545,-60.09,-50.689,1.459,-6.49,5.76,-0.273,-1.086,-0.497,656.037,70.389,-270.471,-1.279,21.586,-4.144
450.589,84.713,-211.373,-137.41,-60.14,-50.819,0.584,-4.806,1.866,-0.157,-0.379,-0.307,656.881,70.202,-270.281,-1.268,21.503,-4.152
451.135,84.614,-211.269,-137.409,-60.158,-50.823,2.223,-3.909,0.211,-0.086,-0.101,-0.189,657.438,70.076,-270.13,-1.282,21.49,-4.161
451.814,84.528,-211.519,-137.335,-60.177,-50.894,2.443,-4.382,0.471,-0.065,-0.142,-0.136,658.157,69.977,-270.238,-1.269,21.451,-4.162
452.449,84.492,-211.563,-137.362,-60.179,-50.87,3.268,-4.509,1.952,-0.079,-0.406,-0.163,658.783,69.934,-270.312,-1.281,21.459,-4.166
453.169,84.45,-211.862,-137.299,-60.189,-50.92,2.98,-3.233,2.844,-0.092,-0.701,-0.163,659.535,69.917,-270.503,-1.266,21.429,-4.157
453.807,84.422,-211.944,-137.359,-60.179,-50.86,1.288,-3.84,5.495,-0.137,-1.181,-0.244,660.146,69.909,-270.687,-1.28,21.457,-4.153
454.569,84.396,-212.216,-137.308,-60.192,-50.904,-0.183,-4.593,8.237,-0.2,-1.634,-0.334,660.936,69.892,-270.863,-1.271,21.431,-4.149
455.164,84.407,-212.18,-137.317,-60.2,-50.884,-0.869,-6.56,9.417,-0.317,-1.74,-0.545,661.535,69.934,-270.817,-1.281,21.428,-4.142
455.8,84.377,-212.328,-137.238,-60.224,-50.948,-0.623,-7.563,9.521,-0.378,-1.728,-0.656,662.219,69.926,-270.803,-1.271,21.383,-4.134
456.355,84.3,-212.137,-137.183,-60.263,-51.001,-0.225,-5.286,5.815,-0.293,-1.094,-0.53,662.819,69.818,-270.444,-1.282,21.336,-4.142
457.005,84.19,-212.157,-137.049,-60.313,-51.129,3.368,-3.444,1.135,-0.179,-0.314,-0.334,663.551,69.669,-270.164,-1.272,21.253,-4.15
457.562,84.115,-212.031,-137.025,-60.341,-51.153,0.802,-3.145,0.468,0.028,0.347,-0.267,664.134,69.569,-269.94,-1.284,21.226,-4.158
458.271,84.072,-212.2,-136.95,-60.363,-51.225,-10.223,-2.246,5.274,0.459,0.773,-0.186,664.884,69.508,-269.956,-1.275,21.184,-4.161
458.916,84.055,-212.181,-136.953,-60.37,-51.23,-15.947,-1.906,7.447,0.969,1.054,-0.314,665.531,69.458,-269.924,-1.281,21.18,-4.171
459.404,84.06,-212.352,-136.952,-60.356,-51.224,-21.098,-2.715,10.279,1.167,1.051,-0.432,666.013,69.497,-270.126,-1.27,21.189,-4.161
459.582,84.109,-212.265,-137.063,-60.321,-51.101,-25.957,-3.041,13.823,1.099,0.671,-0.674,666.132,69.638,-270.271,-1.283,21.253,-4.138
459.69,84.115,-212.311,-137.069,-60.284,-51.096,-27.479,-3.704,15.047,1.014,0.451,-0.794,666.213,69.667,-270.418,-1.256,21.281,-4.129
459.582,84.115,-212.253,-137.071,-60.2,-51.121,-24.424,-3.966,16.835,0.869,-0.124,-0.857,666.045,69.635,-270.568,-1.191,21.339,-4.133
459.145,83.875,-212.314,-137.034,-60.153,-51.243,-12.143,-2.641,10.987,0.949,-0.573,-0.473,665.569,69.122,-270.694,-1.141,21.357,-4.204
458.45,83.773,-212.486,-137.101,-60.088,-51.22,3.172,-5.296,5.584,0.878,-1.545,-0.319,664.796,68.924,-271.117,-1.114,21.427,-4.229
458.044,83.762,-213.008,-137.033,-60.053,-51.29,5.798,-5.578,9.132,0.639,-2.85,-0.353,664.393,68.924,-271.634,-1.061,21.425,-4.221
457.873,83.781,-213.521,-136.972,-60.043,-51.354,1.057,-5.026,18.054,0.512,-4.102,-0.244,664.237,68.929,-272.091,-1.031,21.41,-4.221
458.149,83.814,-214.307,-136.799,-60.05,-51.466,-12.875,-3.534,33.871,0.323,-5.569,-0.382,664.596,69.146,-272.63,-0.974,21.342,-4.163
458.272,83.604,-214.811,-136.665,-60.092,-51.611,-19.564,-2.748,41.242,0.666,-6.327,-0.277,664.79,68.842,-272.855,-0.958,21.264,-4.186
458.17,83.439,-215.217,-136.438,-60.159,-51.853,-20.15,-0.437,40.396,1.065,-6.158,0.249,664.809,68.535,-272.794,-0.93,21.135,-4.219
457.725,83.255,-215.243,-136.216,-60.245,-52.106,-13.307,1.288,29.567,1.424,-4.883,0.749,664.487,68.132,-272.317,-0.918,20.996,-4.276
457.032,83.217,-215.282,-135.929,-60.315,-52.351,1.563,-0.75,13.523,1.209,-3.314,0.56,663.951,68.142,-271.802,-0.872,20.843,-4.255
456.491,83.309,-215.447,-135.711,-60.356,-52.505,4.962,-3.07,7.562,0.647,-2.376,0.181,663.528,68.392,-271.576,-0.828,20.735,-4.205
456.214,83.257,-216.097,-135.552,-60.373,-52.652,3.262,-2.737,10.722,0.497,-2.85,0.212,663.318,68.342,-271.974,-0.786,20.666,-4.199
456.246,83.233,-216.889,-135.459,-60.362,-52.713,-5.488,-2.015,23.132,0.48,-4.419,0.293,663.385,68.426,-272.667,-0.744,20.639,-4.164
456.442,83.312,-217.846,-135.316,-60.355,-52.792,-12.013,-3.46,36.478,0.37,-6.428,-0.223,663.644,68.714,-273.447,-0.689,20.59,-4.1
456.275,83.231,-218.37,-135.189,-60.384,-52.92,-15.361,-2.509,45.378,0.467,-7.741,-0.3,663.537,68.583,-273.732,-0.668,20.524,-4.11
456.06,83.207,-218.643,-134.93,-60.449,-53.161,-12.594,-2.736,41.679,0.515,-7.485,-0.137,663.455,68.528,-273.5,-0.63,20.385,-4.112
455.452,83.19,-218.41,-134.59,-60.542,-53.448,0.13,-5.38,23.491,0.344,-5.285,-0.585,663.029,68.568,-272.585,-0.589,20.197,-4.089
454.883,83.141,-218.265,-134.224,-60.646,-53.779,4.937,-5.251,9.357,0.109,-2.701,-0.299,662.651,68.496,-271.698,-0.548,19.993,-4.087
454.569,83.094,-218.416,-133.983,-60.715,-54.013,4.324,-3.488,4.537,0.06,-1.426,-0.001,662.457,68.375,-271.359,-0.524,19.858,-4.103
454.471,83.111,-219.088,-133.835,-60.737,-54.146,0.785,-3.328,8.477,0.08,-1.884,0.062,662.424,68.401,-271.778,-0.492,19.788,-4.096
454.549,83.204,-220.005,-133.782,-60.724,-54.142,-4.856,-5.002,19.832,-0.104,-3.821,-0.424,662.526,68.698,-272.653,-0.464,19.777,-4.037
454.513,83.171,-220.908,-133.767,-60.735,-54.136,-7.56,-6.759,32.717,-0.143,-6.209,-0.74,662.507,68.735,-273.51,-0.468,19.764,-4.017
454.247,83.042,-221.474,-133.696,-60.78,-54.221,-7.967,-3.537,39.786,0.085,-7.747,-0.437,662.286,68.503,-273.874,-0.481,19.709,-4.046
453.996,82.9,-221.782,-133.49,-60.868,-54.441,-7.897,-1.388,40.15,0.404,-7.701,0.024,662.146,68.206,-273.695,-0.485,19.575,-4.087
453.574,82.794,-221.726,-133.193,-60.977,-54.729,1.329,-1.208,25.544,0.617,-5.895,0.26,661.878,67.99,-272.982,-0.476,19.395,-4.113
453.071,82.818,-221.572,-132.813,-61.084,-55.036,6.063,-2.852,10.751,0.372,-3.346,0.19,661.57,68.123,-272.06,-0.441,19.184,-4.076
452.785,82.859,-221.667,-132.514,-61.163,-55.284,3.225,-3.013,5.879,0.09,-1.672,0.099,661.431,68.229,-271.566,-0.41,19.023,-4.052
452.582,82.775,-222.172,-132.345,-61.205,-55.444,2.398,-2.307,5.863,0.175,-1.47,0.231,661.304,68.114,-271.742,-0.391,18.932,-4.057
452.615,82.824,-223.018,-132.272,-61.201,-55.476,-1.097,-2.488,13.2,0.125,-2.822,0.11,661.368,68.301,-272.497,-0.364,18.908,-4.016
452.62,82.91,-223.899,-132.24,-61.192,-55.459,-4.939,-5.029,25.288,-0.062,-5.008,-0.443,661.391,68.559,-273.355,-0.347,18.901,-3.967
452.489,82.887,-224.604,-132.192,-61.207,-55.493,-8.013,-4.408,36.109,-0.053,-6.883,-0.638,661.285,68.567,-273.959,-0.344,18.874,-3.958
452.214,82.872,-225.064,-132.044,-61.252,-55.621,-6.423,-3.948,39.018,-0.011,-7.702,-0.592,661.084,68.563,-274.114,-0.334,18.79,-3.952
451.949,82.965,-225.239,-131.752,-61.324,-55.844,-1.515,-6.554,31.918,-0.23,-6.832,-1.041,660.96,68.791,-273.722,-0.303,18.635,-3.91
451.421,82.875,-225.193,-131.434,-61.426,-56.14,4.903,-8.255,17.942,-0.305,-4.791,-1.068,660.582,68.64,-273.008,-0.289,18.453,-3.922
451.002,82.788,-225.287,-131.142,-61.52,-56.423,4.965,-5.278,10.291,-0.175,-3.026,-0.426,660.296,68.457,-272.487,-0.278,18.285,-3.945
450.656,82.618,-225.67,-130.957,-61.586,-56.629,5.533,-2.87,8.13,0.107,-2.461,0.051,660.029,68.124,-272.465,-0.277,18.174,-3.988
450.387,82.48,-226.36,-130.858,-61.616,-56.729,2.004,-0.014,13.518,0.389,-3.325,0.51,659.802,67.939,-272.954,-0.271,18.119,-3.999
450.264,82.508,-227.267,-130.809,-61.616,-56.751,-3.458,0.592,26.014,0.422,-5.365,0.406,659.7,68.054,-273.793,-0.256,18.1,-3.973
449.979,82.556,-227.997,-130.73,-61.625,-56.806,-2.506,0.607,35.159,0.314,-7.301,0.207,659.449,68.169,-274.393,-0.24,18.065,-3.953
449.647,82.722,-228.444,-130.537,-61.65,-56.921,1.866,-2.786,35.941,-0.104,-7.948,-0.496,659.203,68.558,-274.516,-0.203,17.977,-3.887
449.127,82.752,-228.593,-130.235,-61.72,-57.172,8.449,-5.942,26.247,-0.396,-6.806,-0.978,658.813,68.657,-274.09,-0.172,17.82,-3.863
448.517,82.739,-228.594,-129.912,-61.812,-57.471,7.847,-5.959,16.965,-0.299,-4.844,-0.791,658.34,68.594,-273.44,-0.154,17.643,-3.872
448.173,82.669,-228.834,-129.611,-61.903,-57.763,6.671,-4.837,10.75,-0.131,-3.378,-0.432,658.121,68.428,-273.063,-0.142,17.475,-3.895
447.808,82.577,-229.289,-129.443,-61.964,-57.941,7.0,-2.555,9.469,0.102,-3.079,0.001,657.825,68.221,-273.149,-0.146,17.374,-3.925
447.608,82.492,-230.071,-129.322,-61.991,-58.049,2.013,-0.965,17.459,0.247,-4.2,0.216,657.672,68.135,-273.703,-0.134,17.312,-3.923
447.473,82.436,-230.909,-129.253,-61.998,-58.094,-2.947,0.388,28.943,0.332,-6.065,0.176,657.565,68.148,-274.433,-0.119,17.282,-3.903
447.223,82.368,-231.68,-129.139,-62.023,-58.192,-2.404,1.901,37.483,0.384,-7.837,0.2,657.359,68.091,-274.99,-0.108,17.224,-3.897
446.85,82.469,-232.158,-128.924,-62.061,-58.346,1.795,0.987,38.868,0.161,-8.482,-0.15,657.076,68.343,-275.085,-0.079,17.12,-3.852
446.515,82.543,-232.491,-128.578,-62.129,-58.629,8.959,-3.271,30.386,-0.178,-7.588,-0.747,656.875,68.52,-274.787,-0.039,16.948,-3.818
446.098,82.534,-232.611,-128.214,-62.224,-58.955,11.386,-4.542,20.685,-0.227,-5.885,-0.838,656.599,68.499,-274.194,-0.019,16.755,-3.816
445.738,82.411,-232.889,-127.863,-62.335,-59.309,11.472,-3.263,13.271,0.023,-4.407,-0.353,656.37,68.206,-273.745,-0.017,16.558,-3.86
445.648,82.497,-233.392,-127.589,-62.409,-59.538,5.237,-1.847,15.832,0.126,-4.128,-0.138,656.388,68.347,-273.706,-0.006,16.411,-3.842
445.814,82.602,-234.283,-127.356,-62.456,-59.722,-4.495,-3.233,24.229,-0.06,-5.001,-0.606,656.642,68.542,-274.173,0.017,16.295,-3.813
445.742,82.438,-235.096,-127.227,-62.493,-59.881,-4.737,-0.257,31.42,0.197,-6.427,-0.286,656.608,68.217,-274.725,0.02,16.225,-3.856
445.448,82.33,-235.824,-127.021,-62.542,-60.087,-2.53,2.621,35.315,0.373,-7.381,0.081,656.381,68.023,-275.062,0.032,16.119,-3.877
444.99,82.206,-236.242,-126.79,-62.609,-60.337,4.09,4.631,32.196,0.591,-7.263,0.506,655.998,67.735,-275.016,0.036,15.993,-3.92
444.61,82.078,-236.638,-126.432,-62.702,-60.703,11.582,6.617,23.168,0.833,-6.222,0.992,655.732,67.425,-274.715,0.049,15.804,-3.965
444.249,82.007,-236.905,-126.086,-62.788,-61.044,15.274,8.005,15.795,1.032,-5.072,1.266,655.481,67.236,-274.319,0.065,15.625,-3.994
444.234,82.15,-237.468,-125.682,-62.858,-61.376,8.694,5.724,16.093,0.846,-4.42,1.014,655.6,67.497,-274.168,0.107,15.432,-3.955
444.311,82.341,-238.077,-125.366,-62.907,-61.621,-1.231,3.472,19.968,0.622,-4.329,0.601,655.781,67.836,-274.232,0.145,15.284,-3.91
444.405,82.519,-238.837,-125.043,-62.955,-61.872,-6.239,0.058,22.307,0.308,-4.492,-0.06,655.979,68.168,-274.437,0.184,15.134,-3.862
444.214,82.559,-239.342,-124.796,-63.005,-62.095,-4.965,-1.829,21.938,0.114,-4.49,-0.344,655.863,68.201,-274.491,0.201,15.012,-3.861
443.862,82.379,-239.895,-124.509,-63.071,-62.41,-0.989,0.588,19.431,0.326,-4.313,0.107,655.586,67.805,-274.506,0.213,14.867,-3.917
443.385,82.092,-240.282,-124.272,-63.138,-62.695,6.86,4.886,15.397,0.77,-4.108,0.904,655.165,67.238,-274.426,0.212,14.741,-3.991
443.062,81.872,-240.848,-123.977,-63.21,-63.018,9.787,9.801,14.655,1.162,-4.094,1.613,654.916,66.797,-274.43,0.22,14.589,-4.048
442.872,81.754,-241.336,-123.748,-63.267,-63.26,6.185,13.861,17.35,1.537,-4.241,2.263,654.785,66.54,-274.48,0.224,14.471,-4.084
442.882,81.797,-242.028,-123.455,-63.315,-63.525,-1.89,15.176,21.457,1.696,-4.397,2.47,654.873,66.577,-274.661,0.25,14.334,-4.082
442.751,81.875,-242.514,-123.222,-63.346,-63.728,-4.185,14.214,21.312,1.615,-4.301,2.293,654.805,66.686,-274.756,0.278,14.228,-4.07
442.554,82.014,-243.128,-122.939,-63.376,-63.983,-2.057,11.506,20.068,1.356,-4.269,1.942,654.678,66.833,-274.907,0.317,14.103,-4.062
442.179,82.257,-243.571,-122.724,-63.387,-64.173,4.271,7.917,17.385,1.046,-4.372,1.466,654.355,67.104,-275.021,0.357,14.015,-4.05
441.883,82.593,-244.231,-122.419,-63.393,-64.387,7.085,2.363,15.866,0.545,-4.477,0.542,654.142,67.684,-275.228,0.421,13.893,-3.976
441.622,82.773,-244.792,-122.188,-63.397,-64.563,4.965,-1.245,18.945,0.165,-4.947,-0.14,653.94,68.001,-275.447,0.47,13.801,-3.934
441.559,82.894,-245.64,-121.902,-63.425,-64.8,-1.629,-2.801,25.415,-0.028,-5.719,-0.514,653.95,68.208,-275.83,0.509,13.675,-3.905
441.401,82.896,-246.278,-121.695,-63.462,-64.968,-5.036,-3.38,29.668,-0.17,-6.439,-0.753,653.848,68.274,-276.1,0.522,13.576,-3.886
441.136,82.587,-247.023,-121.407,-63.521,-65.276,-3.407,-0.175,31.313,0.052,-6.834,-0.218,653.643,67.781,-276.321,0.532,13.435,-3.933
440.626,82.186,-247.553,-121.171,-63.582,-65.585,1.474,7.625,30.508,0.711,-7.031,1.132,653.169,67.009,-276.4,0.529,13.314,-4.032
440.203,81.882,-248.331,-120.836,-63.649,-65.954,5.734,13.65,29.798,1.188,-7.34,2.176,652.809,66.451,-276.571,0.541,13.151,-4.098
439.85,81.757,-248.895,-120.584,-63.696,-66.211,5.981,17.03,32.304,1.414,-7.799,2.747,652.507,66.213,-276.687,0.552,13.03,-4.126
439.732,81.815,-249.717,-120.214,-63.74,-66.536,3.384,16.891,35.052,1.334,-8.152,2.783,652.471,66.306,-276.894,0.591,12.865,-4.111
439.596,81.967,-250.3,-119.902,-63.769,-66.796,-0.713,14.401,37.024,1.073,-8.226,2.436,652.405,66.544,-276.97,0.63,12.729,-4.083
439.517,82.069,-251.071,-119.491,-63.815,-67.154,-2.644,11.817,35.958,0.814,-7.984,2.039,652.414,66.703,-277.061,0.672,12.546,-4.062
439.304,82.238,-251.53,-119.149,-63.853,-67.436,-1.43,8.653,34.043,0.559,-7.621,1.589,652.277,66.971,-276.954,0.706,12.395,-4.031
439.146,82.527,-252.204,-118.688,-63.894,-67.775,1.227,2.158,30.095,0.053,-7.051,0.484,652.228,67.556,-276.883,0.761,12.194,-3.944
438.912,82.731,-252.684,-118.356,-63.924,-68.027,0.33,-3.19,28.536,-0.384,-6.718,-0.436,652.068,67.944,-276.825,0.799,12.05,-3.89
438.808,82.757,-253.544,-117.993,-63.973,-68.336,-3.468,-4.268,30.544,-0.555,-6.852,-0.753,652.038,68.04,-277.071,0.825,11.886,-3.867
438.538,82.547,-254.235,-117.763,-64.016,-68.548,-3.857,-1.698,32.553,-0.407,-7.298,-0.414,651.811,67.808,-277.353,0.829,11.776,-3.872
438.316,82.318,-255.159,-117.437,-64.071,-68.851,-3.167,1.843,35.233,-0.184,-7.884,0.074,651.647,67.541,-277.707,0.841,11.623,-3.88
437.944,82.024,-255.737,-117.22,-64.127,-69.1,-1.65,7.062,37.549,0.191,-8.421,0.924,651.304,67.043,-277.876,0.829,11.514,-3.935
437.71,81.795,-256.561,-116.843,-64.195,-69.491,-1.246,12.562,38.791,0.601,-8.748,1.901,651.124,66.617,-278.037,0.836,11.336,-3.986
437.393,81.736,-257.039,-116.532,-64.251,-69.782,-0.419,14.529,38.452,0.731,-8.669,2.22,650.858,66.517,-277.968,0.841,11.19,-3.995
437.207,81.764,-257.781,-116.084,-64.31,-70.19,1.565,13.543,35.042,0.687,-8.146,2.141,650.744,66.533,-277.959,0.867,10.988,-3.995
436.925,81.863,-258.225,-115.754,-64.35,-70.476,2.455,11.217,31.471,0.561,-7.515,1.873,650.516,66.674,-277.854,0.888,10.841,-3.981
436.828,82.171,-259.072,-115.307,-64.385,-70.799,1.656,5.284,29.821,0.109,-7.179,0.85,650.505,67.295,-277.985,0.934,10.65,-3.891
436.642,82.433,-259.761,-115.036,-64.399,-70.97,-2.463,-0.906,33.298,-0.456,-7.63,-0.336,650.376,67.84,-278.249,0.966,10.536,-3.811
436.58,82.479,-260.868,-114.682,-64.434,-71.258,-4.949,-2.243,38.945,-0.704,-8.666,-0.789,650.371,68.007,-278.779,0.994,10.382,-3.775
436.325,82.436,-261.613,-114.432,-64.464,-71.466,-4.28,-2.256,42.668,-0.791,-9.526,-0.941,650.155,68.028,-279.109,1.007,10.271,-3.756
436.135,82.278,-262.515,-114.028,-64.529,-71.84,-4.627,0.632,43.773,-0.627,-9.7,-0.545,650.018,67.836,-279.316,1.012,10.085,-3.764
435.786,82.123,-262.936,-113.685,-64.591,-72.165,-2.55,3.081,41.293,-0.408,-9.354,-0.138,649.711,67.617,-279.14,1.009,9.925,-3.78
435.563,81.865,-263.661,-113.193,-64.677,-72.665,0.259,7.396,37.989,-0.067,-8.801,0.614,649.536,67.149,-279.013,1.006,9.698,-3.836
435.25,81.685,-264.067,-112.837,-64.738,-73.036,0.927,11.332,35.322,0.265,-8.268,1.458,649.254,66.783,-278.804,1.004,9.534,-3.885
435.139,81.609,-264.931,-112.376,-64.807,-73.466,-1.492,13.712,35.169,0.475,-8.058,1.927,649.192,66.655,-278.889,1.009,9.326,-3.898
434.915,81.648,-265.505,-112.088,-64.839,-73.717,-3.087,14.304,36.299,0.475,-8.129,1.986,649.001,66.734,-278.991,1.022,9.199,-3.885
434.823,81.742,-266.498,-111.688,-64.875,-74.056,-4.222,12.453,38.455,0.285,-8.546,1.641,648.954,66.915,-279.34,1.046,9.028,-3.859
434.54,81.838,-267.072,-111.44,-64.889,-74.268,-3.8,10.159,40.793,0.054,-9.109,1.176,648.697,67.062,-279.525,1.068,8.924,-3.842
434.365,81.918,-267.964,-111.007,-64.927,-74.641,-1.948,8.31,40.973,-0.132,-9.331,0.774,648.567,67.215,-279.721,1.094,8.738,-3.82
434.054,82.1,-268.325,-110.661,-64.956,-74.897,0.989,3.682,37.047,-0.409,-8.815,-0.003,648.301,67.616,-279.526,1.114,8.59,-3.759
433.952,82.155,-269.081,-110.173,-65.006,-75.312,2.325,0.269,32.825,-0.574,-8.047,-0.505,648.246,67.77,-279.492,1.134,8.379,-3.73
433.757,82.126,-269.499,-109.854,-65.039,-75.595,0.046,0.556,31.789,-0.538,-7.562,-0.461,648.076,67.763,-279.391,1.144,8.24,-3.722
433.781,82.053,-270.441,-109.413,-65.091,-75.976,-5.738,1.873,33.797,-0.475,-7.593,-0.306,648.138,67.76,-279.61,1.152,8.047,-3.702
433.601,81.913,-271.005,-109.181,-65.125,-76.193,-8.626,4.36,36.731,-0.376,-8.116,-0.059,647.972,67.596,-279.786,1.15,7.944,-3.708
433.441,81.631,-271.989,-108.808,-65.174,-76.597,-7.491,9.905,39.515,-0.094,-8.75,0.823,647.819,67.068,-280.155,1.15,7.78,-3.774
432.979,81.501,-272.449,-108.554,-65.207,-76.867,-1.93,13.636,39.215,0.141,-8.943,1.562,647.363,66.789,-280.196,1.149,7.668,-3.814
432.694,81.495,-273.311,-108.084,-65.26,-77.311,5.977,13.587,34.694,0.191,-8.444,1.678,647.1,66.718,-280.292,1.155,7.464,-3.83
432.374,81.598,-273.692,-107.751,-65.293,-77.607,9.499,11.497,29.779,0.111,-7.757,1.461,646.798,66.846,-280.137,1.162,7.321,-3.822
432.482,81.722,-274.621,-107.208,-65.348,-78.079,3.18,9.404,31.25,-0.022,-7.556,1.091,646.936,67.05,-280.192,1.173,7.088,-3.799
432.576,81.779,-275.083,-106.85,-65.377,-78.405,-8.612,10.006,34.64,-0.042,-7.629,1.088,647.044,67.102,-280.086,1.184,6.937,-3.799
432.801,81.757,-275.953,-106.298,-65.432,-78.917,-12.089,10.156,32.897,0.006,-7.193,1.165,647.286,67.046,-280.07,1.191,6.7,-3.807
432.565,81.781,-276.219,-105.913,-65.463,-79.271,-10.229,9.001,27.66,-0.028,-6.202,1.114,647.059,67.052,-279.726,1.202,6.538,-3.811
432.304,81.737,-276.999,-105.361,-65.516,-79.797,-0.941,7.797,19.631,-0.008,-4.918,1.116,646.805,66.92,-279.624,1.207,6.303,-3.834
431.831,81.723,-277.36,-105.072,-65.537,-80.074,7.438,7.267,15.144,0.063,-4.344,1.092,646.333,66.853,-279.531,1.216,6.182,-3.847
431.751,81.623,-278.416,-104.7,-65.577,-80.434,6.138,9.582,17.817,0.199,-4.876,1.411,646.252,66.673,-279.99,1.213,6.023,-3.868
431.703,81.533,-279.096,-104.593,-65.586,-80.559,-6.212,14.977,27.754,0.332,-6.396,2.218,646.199,66.479,-280.501,1.214,5.978,-3.896
431.956,81.531,-280.326,-104.282,-65.614,-80.845,-11.563,17.542,35.646,0.29,-7.95,2.513,646.453,66.467,-281.237,1.216,5.846,-3.898
431.747,81.67,-280.813,-104.077,-65.621,-81.017,-8.124,15.687,39.678,0.084,-8.811,2.126,646.25,66.662,-281.409,1.229,5.762,-3.882
431.465,81.719,-281.693,-103.571,-65.661,-81.494,1.884,12.895,34.838,-0.062,-8.303,1.763,645.964,66.65,-281.491,1.236,5.55,-3.898
431.019,81.937,-281.871,-103.207,-65.673,-81.827,13.267,9.24,25.507,-0.115,-7.075,1.384,645.516,66.863,-281.111,1.256,5.401,-3.897
431.05,82.248,-282.654,-102.596,-65.713,-82.334,12.113,3.677,21.21,-0.304,-6.078,0.547,645.555,67.36,-280.938,1.268,5.146,-3.847
431.176,82.578,-283.054,-102.267,-65.723,-82.572,-1.031,-0.553,24.69,-0.567,-6.074,-0.278,645.692,67.921,-280.833,1.284,5.011,-3.783
431.597,82.641,-284.279,-101.815,-65.759,-82.948,-10.476,-2.916,29.715,-0.807,-6.769,-0.918,646.114,68.122,-281.349,1.285,4.822,-3.747
431.516,82.349,-284.946,-101.68,-65.771,-83.142,-10.352,2.088,34.597,-0.683,-7.991,-0.219,646.012,67.566,-281.803,1.284,4.766,-3.817
431.401,82.034,-286.095,-101.27,-65.818,-83.585,-7.357,9.311,38.559,-0.42,-8.802,0.987,645.869,66.992,-282.3,1.268,4.592,-3.888
430.946,81.816,-286.427,-101.023,-65.844,-83.871,-2.433,14.627,37.775,-0.136,-8.767,2.064,645.39,66.547,-282.241,1.26,4.488,-3.95
430.844,81.796,-287.27,-100.456,-65.899,-84.403,2.69,15.811,33.06,-0.031,-8.054,2.332,645.265,66.477,-282.191,1.246,4.25,-3.965
430.616,81.922,-287.451,-100.114,-65.915,-84.711,3.829,13.052,28.824,-0.061,-7.201,2.02,645.026,66.617,-281.846,1.253,4.11,-3.961
430.788,82.098,-288.427,-99.574,-65.956,-85.172,-2.586,10.419,28.562,-0.166,-6.88,1.581,645.183,66.915,-281.982,1.246,3.886,-3.929
430.769,82.29,-288.827,-99.378,-65.956,-85.316,-8.724,7.448,30.95,-0.352,-7.127,0.927,645.163,67.237,-282.086,1.258,3.807,-3.893
430.92,82.389,-290.017,-98.961,-65.981,-85.672,-10.548,4.812,33.57,-0.542,-7.688,0.403,645.3,67.43,-282.633,1.258,3.635,-3.868
430.636,82.466,-290.484,-98.818,-65.975,-85.789,-7.405,3.674,36.024,-0.687,-8.355,0.119,645.012,67.557,-282.887,1.273,3.578,-3.854
430.559,82.431,-291.693,-98.385,-66.009,-86.189,-5.794,4.25,39.015,-0.74,-9.119,0.122,644.909,67.508,-283.423,1.263,3.399,-3.859
430.231,82.378,-292.098,-98.19,-66.014,-86.383,-5.912,6.649,42.088,-0.705,-9.758,0.408,644.565,67.399,-283.531,1.268,3.32,-3.874
430.269,82.312,-293.206,-97.65,-66.06,-86.89,-6.293,7.987,43.021,-0.656,-9.944,0.651,644.565,67.287,-283.801,1.25,3.096,-3.888
430.016,82.328,-293.452,-97.363,-66.068,-87.158,-5.709,8.54,41.608,-0.613,-9.654,0.775,644.291,67.279,-283.61,1.257,2.98,-3.894
430.063,82.39,-294.5,-96.75,-66.107,-87.715,-5.46,7.078,38.29,-0.629,-8.966,0.627,644.293,67.361,-283.716,1.245,2.729,-3.891
429.807,82.525,-294.751,-96.42,-66.11,-88.014,-5.606,4.869,35.749,-0.67,-8.381,0.349,644.012,67.507,-283.467,1.257,2.595,-3.887
429.981,82.607,-295.799,-95.844,-66.147,-88.537,-8.089,3.367,34.875,-0.71,-8.132,0.116,644.14,67.605,-283.634,1.243,2.36,-3.886
429.95,82.673,-295.971,-95.626,-66.149,-88.74,-10.855,3.003,34.135,-0.712,-7.999,0.018,644.089,67.659,-283.476,1.249,2.272,-3.888
430.284,82.695,-297.009,-95.088,-66.185,-89.229,-11.408,2.778,33.525,-0.724,-7.858,-0.077,644.375,67.7,-283.691,1.232,2.052,-3.886
430.197,82.738,-297.027,-94.869,-66.182,-89.431,-11.039,1.915,31.255,-0.718,-7.36,-0.164,644.266,67.737,-283.379,1.242,1.964,-3.887
430.44,82.723,-297.893,-94.323,-66.22,-89.935,-11.569,1.476,28.196,-0.669,-6.602,-0.156,644.454,67.714,-283.412,1.22,1.742,-3.892
430.319,82.739,-297.84,-94.147,-66.212,-90.107,-10.792,1.076,24.667,-0.617,-5.869,-0.083,644.312,67.687,-283.096,1.232,1.672,-3.903
430.565,82.71,-298.803,-93.658,-66.252,-90.558,-10.778,1.453,22.972,-0.565,-5.476,-0.001,644.505,67.656,-283.314,1.205,1.472,-3.907
430.46,82.726,-298.911,-93.601,-66.245,-90.611,-10.048,1.407,23.701,-0.572,-5.683,0.013,644.394,67.668,-283.337,1.214,1.45,-3.907
430.839,82.724,-300.132,-93.208,-66.279,-90.957,-10.732,1.068,27.152,-0.66,-6.467,-0.126,644.733,67.726,-283.959,1.188,1.29,-3.895
431.016,82.758,-300.224,-93.192,-66.27,-90.962,-10.53,0.794,30.447,-0.765,-7.23,-0.289,644.91,67.794,-284.029,1.198,1.284,-3.885
431.749,82.733,-301.18,-92.734,-66.305,-91.374,-11.447,-0.102,31.786,-0.811,-7.427,-0.457,645.592,67.809,-284.291,1.171,1.098,-3.877
432.172,82.745,-300.893,-92.592,-66.293,-91.499,-11.293,-1.431,28.792,-0.795,-6.821,-0.601,646.0,67.836,-283.792,1.185,1.042,-3.872
432.981,82.683,-301.598,-92.022,-66.332,-92.019,-11.086,-1.814,23.754,-0.715,-5.725,-0.631,646.739,67.794,-283.636,1.155,0.812,-3.871
433.33,82.638,-301.12,-91.887,-66.32,-92.147,-11.17,-1.688,18.666,-0.581,-4.601,-0.554,647.07,67.73,-282.957,1.168,0.758,-3.875
434.203,82.5,-301.795,-91.37,-66.364,-92.631,-10.722,-1.009,14.466,-0.412,-3.578,-0.338,647.874,67.572,-282.851,1.13,0.549,-3.886
434.619,82.401,-301.386,-91.371,-66.349,-92.643,-11.209,0.3,12.226,-0.277,-3.001,-0.055,648.287,67.422,-282.444,1.145,0.55,-3.898
435.489,82.269,-302.317,-91.015,-66.384,-92.969,-11.563,1.044,12.596,-0.228,-3.076,0.109,649.109,67.299,-282.841,1.112,0.407,-3.9
435.882,82.236,-301.95,-91.157,-66.364,-92.833,-11.336,1.854,13.852,-0.258,-3.421,0.117,649.523,67.282,-282.688,1.132,0.464,-3.893
436.688,82.185,-302.761,-90.806,-66.401,-93.139,-11.808,1.223,14.007,-0.29,-3.475,-0.019,650.286,67.301,-282.971,1.097,0.323,-3.879
436.972,82.213,-302.116,-90.91,-66.37,-93.037,-10.375,0.234,12.327,-0.275,-3.074,-0.166,650.585,67.348,-282.482,1.128,0.365,-3.87
437.839,82.179,-302.765,-90.48,-66.405,-93.424,-10.444,-0.83,9.628,-0.214,-2.347,-0.283,651.395,67.352,-282.486,1.094,0.192,-3.864
438.152,82.203,-301.962,-90.581,-66.375,-93.329,-8.314,-0.127,6.462,-0.124,-1.551,-0.248,651.722,67.373,-281.836,1.124,0.233,-3.862
438.964,82.162,-302.653,-90.185,-66.413,-93.692,-8.04,-0.286,3.845,-0.051,-0.896,-0.251,652.478,67.353,-281.933,1.087,0.074,-3.861
439.111,82.18,-301.855,-90.387,-66.382,-93.51,-7.817,-0.403,2.184,-0.005,-0.518,-0.239,652.652,67.345,-281.437,1.117,0.155,-3.865
439.839,82.133,-302.612,-90.021,-66.41,-93.845,-7.257,-0.516,1.271,0.006,-0.223,-0.273,653.329,67.312,-281.648,1.09,0.008,-3.864
439.982,82.158,-301.812,-90.319,-66.375,-93.574,-6.764,-0.43,1.106,0.012,-0.174,-0.264,653.513,67.312,-281.294,1.125,0.128,-3.867
440.84,82.143,-302.728,-90.067,-66.419,-93.795,-6.973,-1.838,2.701,-0.047,-0.584,-0.484,654.339,67.358,-281.831,1.081,0.027,-3.856
441.077,82.164,-301.9,-90.437,-66.381,-93.46,-6.605,-2.622,4.532,-0.119,-1.001,-0.608,654.627,67.343,-281.558,1.119,0.175,-3.86
442.024,82.087,-302.851,-90.132,-66.422,-93.74,-8.144,-2.725,5.652,-0.17,-1.288,-0.644,655.531,67.282,-282.052,1.078,0.053,-3.861
442.28,82.063,-301.893,-90.467,-66.382,-93.448,-7.869,-3.221,5.798,-0.153,-1.334,-0.569,655.831,67.186,-281.595,1.117,0.187,-3.875
443.296,81.927,-302.863,-90.08,-66.429,-93.812,-7.698,-2.088,5.492,-0.104,-1.255,-0.385,656.789,67.036,-281.986,1.071,0.032,-3.885
443.574,81.85,-301.809,-90.411,-66.382,-93.526,-6.444,0.295,4.296,-0.026,-1.046,-0.057,657.109,66.872,-281.429,1.117,0.165,-3.903
444.708,81.706,-302.878,-89.984,-66.433,-93.925,-7.231,1.448,3.962,0.034,-0.896,0.149,658.181,66.723,-281.858,1.067,-0.006,-3.91
445.071,81.703,-301.757,-90.373,-66.38,-93.575,-6.74,1.592,3.219,0.05,-0.789,0.212,658.597,66.673,-281.319,1.119,0.149,-3.917
446.354,81.651,-302.952,-89.934,-66.434,-93.968,-6.764,0.027,3.607,0.01,-0.796,0.026,659.821,66.682,-281.856,1.066,-0.027,-3.907
446.744,81.719,-301.749,-90.387,-66.379,-93.546,-5.433,-1.894,3.599,-0.043,-0.862,-0.196,660.276,66.748,-281.333,1.12,0.155,-3.9
448.103,81.677,-303.104,-89.919,-66.436,-93.96,-6.27,-3.831,4.195,-0.125,-0.996,-0.498,661.573,66.785,-281.988,1.063,-0.032,-3.886
448.404,81.718,-301.768,-90.413,-66.379,-93.508,-5.75,-4.276,4.679,-0.168,-1.06,-0.636,661.943,66.8,-281.39,1.12,0.166,-3.886
449.765,81.628,-303.265,-89.876,-66.444,-93.991,-6.936,-4.641,5.289,-0.201,-1.148,-0.759,663.23,66.772,-282.084,1.056,-0.049,-3.877
449.928,81.624,-301.747,-90.419,-66.379,-93.505,-5.051,-4.181,5.111,-0.201,-1.149,-0.705,663.468,66.696,-281.378,1.12,0.168,-3.889
451.272,81.462,-303.408,-89.813,-66.453,-94.068,-22.606,-0.971,6.114,-0.167,-1.276,-0.333,664.723,66.539,-282.132,1.047,-0.075,-3.896
451.21,81.473,-301.652,-90.43,-66.386,-93.513,-54.651,5.91,7.97,-0.065,-1.499,0.468,664.747,66.48,-281.3,1.113,0.172,-3.907
452.141,81.379,-303.572,-89.746,-66.477,-94.135,-75.486,9.749,9.383,-0.033,-1.696,0.782,665.582,66.447,-282.196,1.023,-0.102,-3.901
450.57,81.487,-301.517,-90.462,-66.428,-93.51,-44.19,6.032,6.031,0.087,-1.338,0.713,664.105,66.411,-281.21,1.072,0.185,-3.933
449.808,81.87,-303.598,-89.534,-66.56,-94.293,-1.942,-4.249,1.368,-0.057,-0.42,-0.533,663.229,67.104,-281.909,0.94,-0.185,-3.866
